Rank 2024,Name,CKPG,GICS Industry,GICS Sector,Country,HQ,USD Purchasing Power Parity Revenue,Energy Productivity,Energy Productivity Score,Carbon Productivity,Carbon Productivity Score,Water Productivity,Water Productivity Score,Water Whole Universe Percentrank,Water Top Quartile Percentrank,Water Penalty,Waste Productivity,Waste Productivity Score,Waste Whole Universe Percentrank,Waste Top Quartile Percentrank,Waste Penalty,VOC Productivity,VOC Productivity Score,VOC Whole Universe Percentrank,VOC Penalty,NOX Productivity,NOX Productivity Score,NOX Whole Universe Percentrank,NOX Penalty,SOX Productivity,SOX Productivity Score,SOX Whole Universe Percentrank,SOX Penalty,PM Productivity,PM Productivity Score,PM Whole Universe Percentrank,PM Penalty,Cash Taxes Paid Ratio,Cash Taxes Paid Score,Cash Taxes Paid Whole Universe EBITDA Percentrank,Cash Taxes Paid Top Decile Ratio Percentrank,Cash Taxes Paid Penalty,Sustainable Revenue Ratio,Sustainable Revenue Score,Sustainable Investment Ratio,Sustainable Investment Score,CEO to average worker pay ratio,CEO Average Worker Pay Score,Retirement contributions FTE,Retirement contributions FTE Percentrank,Projected benefit obligation FTE,Projected benefit obligation FTE Percentrank,Fair value projected benefit obligation,Fair value projected benefit obligation Percentrank,Pension Fund Quality,Injury Rate Ratio,Injury Rate Score,Injury Rate Percentrank,Injury Rate Top Quartile Percentrank,Injury Rate Penalty,Fatalities Per Employee Ratio,Fatalities Whole Universe Percentrank,Fatalities Penalty,Employee Turnover Ratio,Employee Turnover Score,Non male Boards Ratio,Non male Boards Score,Non male Executives Ratio,Non male Executives Score,Racially Diverse Among Boards Ratio,Racially Diverse Among Boards Score,Racially Diverse Among Executives Ratio,Racially Diverse Among Executives Score,Paid Sick Leave Score,Sustainability Paylink Score,Sustainability Paylink Variable Ratio,Sustainability Paylink Variable Ratio Score,Supplier Score,Political Influence (Bonus) Score,Fines Sum,Fines Percentrank,Fines Deduction,Overall Score
1,Sims Ltd,Waste Management,Metals & Mining,Materials,Australia,"Mascot, Australia","$5,573,478,289","$4,469",95.00%,"$38,525",90.00%,,,,,,"$4,994",22.90%,93.00%,23.70%,2.50%,"$99,526,398",66.30%,0.465020576,1.00%,"$4,617,629",46.90%,66.60%,2.00%,"$91,368,497",78.60%,53.30%,0.00%,,,,2.50%,16.20%,81.50%,48.30%,,,100.00%,100.00%,100.00%,100.00%,36:1,80.00%,"$2,259",66.70%,"$8,783",100.00%,99.50%,71.40%,67.90%,0.21,66.70%,41.00%,,,0,,,19.00%,100.00%,37.50%,82.00%,30.00%,77.80%,12.50%,72.10%,0.00%,0.00%,100.00%,100.00%,9.30%,77.00%,,100%,,,,A+
2,Brambles Ltd,Furniture and general manufacturing,Commercial Services & Supplies,Industrials,Australia,"Sydney, Australia","$6,076,800,000","$11,372",57.10%,"$123,791",58.30%,,,,,,"$570,592",20.90%,53.70%,,,,,,,,,,,,,,,,,,,11.80%,27.30%,82.40%,,,100.00%,100.00%,100.00%,100.00%,61:1,66.70%,"$2,892",87.50%,"$15,179",12.50%,91.60%,73.10%,65.60%,0.32,66.70%,53.70%,,,0,,,30.00%,22.20%,36.40%,76.10%,38.50%,88.00%,18.20%,80.00%,23.10%,87.90%,100.00%,100.00%,9.30%,76.70%,54.40%,0%,,,,A
3,Vestas Wind Systems A/S,Machinery Manufacturing,Electrical Equipment,Industrials,Denmark,"Aarhus, Denmark","$22,337,564,610","$15,134",66.50%,"$141,969",59.80%,"$65,506",82.60%,30.00%,,,"$1,063,694",60.00%,64.20%,,,,,,,,,,,,,,,,,,,19.10%,65.10%,80.60%,,,100.00%,100.00%,100.00%,100.00%,70:1,19.60%,"$5,097",85.50%,,,,,64.10%,0.24,70.70%,45.00%,,,0,,,15.20%,29.60%,41.70%,86.70%,12.50%,41.00%,8.30%,61.50%,12.50%,77.70%,100.00%,100.00%,0.00%,0.00%,13.00%,100%,,,,A
4,Taiwan High Speed Rail Corp,Transit and ground transportation,Transportation Infrastructure,Industrials,Taiwan,"Taipei, Taiwan","$2,439,925,948","$1,115",56.30%,"$7,698",81.30%,,,,,,,,,,,"$355,156,615",75.00%,0.222222222,0.00%,No NOX emissions,100.00%,1.50%,0.00%,No SOX emissions,100.00%,3.40%,0.00%,"$60,998,148,696",75.00%,6.40%,0.00%,0.50%,5.30%,82.90%,,,100.00%,100.00%,100.00%,100.00%,11:1,100.00%,"$3,046",100.00%,"$13,153",50.00%,70.50%,61.50%,77.90%,0.25,100.00%,46.40%,,,0,,,4.00%,100.00%,15.40%,28.20%,14.30%,45.20%,0.00%,0.00%,0.00%,0.00%,0.00%,0.00%,,,8.60%,0%,,,,A
5,Nordex SE,Machinery Manufacturing,Electrical Equipment,Industrials,Germany,"Hamburg, Germany","$8,779,591,182","$61,495",98.20%,"$160,887",65.30%,"$65,765",68.80%,18.90%,,,"$598,391",38.90%,59.00%,,,,,,,,,,,,,,,,,,,72.60%,99.50%,19.60%,,,100.00%,100.00%,100.00%,100.00%,82:1,17.40%,"$16,342",100.00%,$427,1.90%,,,75.00%,0.3,58.50%,52.00%,,,0.000109,32.20%,3.00%,30.00%,5.60%,33.30%,66.90%,0.00%,0.00%,50.00%,98.30%,33.30%,94.50%,0.00%,100.00%,6.80%,68.80%,31.20%,0%,,,,A
6,Banco do Brasil SA,Banks,Banks,Financials,Brazil,"Brasília, Brazil","$52,549,117,257","$991,089",97.90%,"$1,106,800",79.50%,"$46,570",34.70%,45.30%,,,"$164,354,666",95.30%,15.20%,,,,,,,,,,,,,,,,,,,16.70%,64.90%,97.20%,,,28.60%,100.00%,0.00%,0.00%,9:1,92.90%,"$9,054",85.30%,$651,1.00%,140.40%,87.10%,64.20%,,,,,,0.000011,92.80%,1.00%,2.70%,100.00%,50.00%,97.50%,25.70%,71.30%,25.00%,87.70%,11.40%,74.60%,100.00%,100.00%,8.30%,72.00%,48.40%,100%,,,,A-
7,Schneider Electric SE,Electrical equipment manufacturing,Electrical Equipment,Industrials,France,"Rueil-Malmaison, France","$52,699,752,045","$39,687",98.80%,"$102,400",74.80%,"$27,425",100.00%,53.80%,,,"$2,656,907",66.00%,63.50%,,,,,,,,,,,,,,,,,,,15.70%,60.20%,96.30%,68.00%,1.00%,72.00%,68.80%,80.00%,73.70%,97:1,11.10%,"$1,486",42.10%,"$76,317",100.00%,90.10%,86.70%,53.20%,0.064,66.70%,17.90%,,,0,,,16.60%,38.50%,50.00%,97.50%,41.20%,91.30%,28.60%,90.00%,35.30%,94.60%,100.00%,100.00%,4.10%,59.50%,55.90%,100%,,,,A-
8,Chr Hansen Holding A/S,Food and beverage manufacturing,Chemicals,Materials,Denmark,"Hørsholm, Denmark","$1,878,168,832","$3,094",59.30%,"$38,696",71.90%,"$1,412",68.30%,47.60%,,,"$112,776",21.80%,60.40%,,,,,,,,,,,,,,,,,,,13.60%,40.80%,62.00%,,,46.80%,100.00%,70.70%,100.00%,34:1,55.30%,"$9,437",97.80%,"$2,547",13.00%,9.80%,3.80%,73.30%,0.3,85.70%,52.00%,,,0,,,16.00%,53.00%,50.00%,97.50%,37.50%,87.80%,0.00%,0.00%,0.00%,0.00%,100.00%,100.00%,9.80%,79.60%,53.90%,100%,,,,A-
9,Stantec Inc,"Business, engineering and personal services",Construction & Engineering,Industrials,Canada,"Edmonton, Canada","$4,527,868,499","$19,194",59.60%,"$118,360",35.20%,"$507,040",75.00%,4.00%,,,"$591,956",25.30%,49.10%,,,,,,,,,,,,,,,,,,,12.00%,40.40%,56.60%,,,59.00%,100.00%,59.50%,90.50%,60:1,40.00%,"$3,253",81.80%,"$11,396",64.40%,110.60%,93.20%,75.80%,0.08,51.40%,21.20%,,,0,,,15.80%,67.10%,50.00%,97.50%,42.90%,91.90%,20.00%,82.60%,28.60%,91.50%,100.00%,100.00%,8.60%,73.80%,70.00%,0%,,,,A-
10,SMA Solar Technology AG,Semiconductor and electronic components manufacturing,Semiconductors & Semiconductor Equipment,Information Technology,Germany,"Niestetal, Germany","$1,643,699,962","$33,435",72.00%,"$135,701",75.50%,,,,,,"$7,624,548",91.60%,12.70%,,,,,,,,,,,,,,,,,,,21.80%,88.60%,17.40%,,,100.00%,100.00%,100.00%,100.00%,15:1,96.30%,$623,21.40%,,,,,16.10%,,,,,,0,,,,,33.30%,66.90%,,,0.00%,0.00%,0.00%,0.00%,0.00%,100.00%,2.40%,50.40%,,0%,,,,A-
11,Autodesk Inc,IT services except telecom and hosting,Software,Information Technology,U.S.,"San Francisco, U.S.","$5,005,000,000",No net non-renewable energy use,100.00%,"$517,478",63.10%,,,,,,"$1,083,333",8.30%,41.90%,,,,,,,,,,,,,,,,,,,19.00%,80.10%,64.70%,,,92.80%,100.00%,44.20%,100.00%,,,"$5,075",67.40%,"$5,672",22.20%,100.00%,81.10%,51.40%,0,100.00%,,,,0,,,12.40%,80.00%,50.00%,97.50%,54.50%,98.00%,20.00%,82.60%,9.10%,71.10%,100.00%,0.00%,0.00%,0.00%,,0%,,,,A-
12,WSP Global Inc,"Business, engineering and personal services",Construction & Engineering,Industrials,Canada,"Montreal, Canada","$9,517,121,471","$20,113",46.80%,"$152,031",40.10%,,,,,,,,,,,,,,,,,,,,,,,,,,,16.30%,59.40%,61.20%,,,57.00%,94.70%,91.70%,100.00%,109:1,18.00%,"$2,196",57.60%,"$4,358",39.00%,53.20%,21.20%,43.20%,,,,,,0,,,20.00%,47.60%,33.30%,66.90%,36.40%,86.00%,11.10%,69.50%,9.10%,71.10%,100.00%,100.00%,1.50%,44.60%,70.00%,0%,,,,B+
13,Clean Harbors Inc,Waste Management,Commercial Services & Supplies,Industrials,U.S.,"Norwell, U.S.","$5,166,605,000","$1,465",54.10%,"$3,048",40.00%,,,,,,,,,,,"$1,697,308",15.00%,0.899176955,2.50%,"$4,766,241",68.80%,66.00%,1.00%,"$676,523",12.50%,91.20%,2.50%,,,,2.50%,7.80%,48.10%,63.00%,,,100.00%,100.00%,100.00%,100.00%,,,"$1,279",33.30%,,,,,25.00%,0.19,100.00%,38.20%,,,0,,,32.00%,33.30%,45.50%,93.10%,20.00%,59.90%,18.20%,80.00%,10.00%,72.50%,100.00%,100.00%,12.20%,85.70%,,0%,,,,B+
14,Enphase Energy Inc,Semiconductor and electronic components manufacturing,Semiconductors & Semiconductor Equipment,Information Technology,U.S.,"Fremont, U.S.","$2,330,853,000","$141,469",75.00%,"$209,362",72.00%,,,,,,"$19,947,394",73.40%,9.50%,,,,,,,,,,,,,,,,,,,4.00%,12.80%,39.90%,,,100.00%,100.00%,100.00%,100.00%,,,,,,,,,,0.04,79.10%,11.80%,,,0,,,,,14.30%,23.30%,12.50%,41.00%,14.30%,74.30%,50.00%,97.90%,0.00%,0.00%,0.00%,0.00%,18.30%,0%,,,,B+
15,Telefonaktiebolaget LM Ericsson,Telephones and telecom equip manufacturing,Communications Equipment,Information Technology,Sweden,"Stockholm, Sweden","$31,333,849,283","$26,610",61.00%,"$174,040",83.40%,"$28,485",83.90%,44.90%,,,"$7,926,600",65.40%,40.20%,,,,,,,,,,,,,,,,,,,18.20%,72.70%,90.10%,77.30%,0.00%,46.80%,90.00%,71.30%,100.00%,83:1,45.50%,"$7,170",90.90%,"$91,512",90.00%,72.30%,41.70%,76.10%,0.087,50.00%,21.80%,,,0.000075,45.00%,3.00%,14.00%,61.50%,28.60%,55.80%,23.50%,63.90%,0.00%,0.00%,11.80%,74.90%,100.00%,100.00%,0.00%,0.00%,51.10%,100%,,,,B+
16,SunPower Corp,Semiconductor and electronic components manufacturing,Electrical Equipment,Industrials,U.S.,"Richmond, U.S.","$1,741,072,000",No net non-renewable energy use,100.00%,,,,,,,,"$14,754,847",93.80%,9.50%,,,,,,,,,,,,,,,,,,,,,19.20%,,,100.00%,100.00%,100.00%,100.00%,,,,,,,,,,0.44,11.60%,62.40%,,,,,,,,22.20%,39.00%,50.00%,97.90%,11.10%,69.50%,12.50%,77.70%,0.00%,0.00%,1.10%,42.90%,,0%,,,,B+
17,Ørsted A/S,Power Generation,Electric Utilities,Utilities,Denmark,"Fredericia, Denmark","$20,930,534,304","$25,840",93.90%,"$8,192",84.70%,$20,36.00%,97.80%,,,"$839,909",59.40%,67.00%,,,"$93,439,885",43.30%,0.648148148,2.00%,"$11,062,650",90.50%,70.40%,0.00%,"$26,834,018",77.60%,72.00%,0.00%,"$182,004,646",59.10%,35.50%,1.00%,9.90%,68.50%,91.40%,34.90%,2.00%,65.00%,57.10%,98.60%,70.60%,35:1,35.30%,"$8,476",55.60%,,,,,41.70%,0.32,42.60%,53.70%,,,0,,,11.70%,28.60%,50.00%,97.50%,27.30%,72.20%,8.30%,61.50%,9.10%,71.10%,100.00%,100.00%,13.50%,87.50%,68.40%,100%,,,,B+
18,Alstom SA,Non-road transport equipment manufacturing,Machinery,Industrials,France,"Saint-Ouen, France","$25,453,967,902","$10,443",72.60%,"$111,827",71.50%,"$18,027",55.90%,48.70%,,,"$1,332,529",46.40%,62.80%,,,,,,,,,,,,,,,,,,,11.00%,33.30%,74.90%,,,84.00%,83.30%,92.10%,75.00%,31:1,50.00%,"$2,289",54.50%,"$66,674",68.80%,85.20%,37.30%,42.40%,0.8,40.00%,77.60%,,,0.000024,80.70%,1.00%,12.80%,23.50%,38.50%,82.30%,17.60%,51.60%,0.00%,0.00%,0.00%,0.00%,100.00%,100.00%,19.10%,93.90%,,0%,,,,B+
19,Neste Oyj,"Refining, petrochemicals and basic organic chemicals","Oil, Gas & Consumable Fuels",Energy,Finland,"Espoo, Finland","$39,640,464,824","$1,229",97.40%,"$15,844",92.40%,"$4,607",86.60%,71.80%,,,"$216,390",26.80%,85.40%,,,"$12,544,451",52.80%,0.901234568,1.00%,"$34,469,969",95.70%,66.30%,0.00%,"$16,312,948",41.70%,83.20%,2.00%,"$508,211,088",100.00%,33.30%,0.00%,9.60%,30.90%,90.90%,33.50%,2.00%,38.90%,97.40%,91.90%,100.00%,14:1,81.00%,"$18,568",100.00%,"$111,980",84.60%,69.60%,33.30%,79.50%,0.4,10.70%,60.20%,,,0,,,10.20%,43.80%,25.00%,so,27.30%,72.20%,0.00%,0.00%,0.00%,0.00%,100.00%,100.00%,20.00%,95.60%,35.20%,0%,,,,B+
20,Dassault Systèmes SE,IT services except telecom and hosting,Software,Information Technology,France,"Vélizy-Villacoublay, France","$8,735,952,284","$16,289",20.20%,"$318,772",43.10%,,,,,,,,,,,,,,,,,,,,,,,,,,,14.40%,66.00%,85.50%,,,65.80%,90.00%,6.00%,91.70%,27:1,60.00%,"$3,512",44.20%,"$12,440",33.30%,26.90%,17.60%,33.10%,0.002,43.50%,0.90%,,,0,,,12.00%,84.40%,50.00%,97.50%,45.50%,94.20%,20.00%,82.60%,9.10%,71.10%,100.00%,100.00%,16.40%,92.10%,51.30%,0%,,,,B+
21,Giant Manufacturing Co Ltd,Non-road transport equipment manufacturing,Leisure Products,Consumer Discretionary,Taiwan,"Taichung, Taiwan","$6,047,945,003","$4,188",31.70%,"$56,418",34.40%,"$6,448",39.40%,43.30%,,,"$482,023",25.80%,56.40%,,,,,,,,,,,,,,,,,,,18.30%,79.80%,59.80%,,,100.00%,100.00%,100.00%,100.00%,227:1,7.10%,"$2,841",63.60%,"$3,464",12.50%,88.20%,47.10%,47.70%,20.29,6.70%,99.50%,,,0,,,,,9.10%,11.70%,36.40%,86.00%,18.20%,80.00%,9.10%,71.10%,0.00%,0.00%,0.00%,0.00%,5.70%,0%,,,,B+
22,City Developments Ltd,Real estate and leasing,Real Estate Management & Development,Real Estate,Singapore,"Singapore, Singapore","$4,031,105,263","$2,776",64.00%,"$25,789",45.20%,"$1,109",59.00%,61.90%,,,,,,,,,,,,,,,,,,,,,,,,16.80%,94.30%,78.60%,,,53.60%,81.80%,63.60%,94.10%,38:1,45.00%,"$7,278",85.70%,"$15,120",80.00%,92.10%,68.30%,76.40%,0.206,48.10%,40.20%,,,0.000133,27.30%,3.00%,18.00%,54.90%,20.00%,38.40%,50.00%,97.90%,10.00%,66.40%,0.00%,0.00%,100.00%,100.00%,20.00%,95.00%,58.40%,0%,,,,B+
23,Trane Technologies PLC,HVAC equipment manufacturing,Building Products,Industrials,Ireland,"Swords, Ireland","$15,991,700,000","$6,604",71.40%,"$44,213",38.50%,"$6,527",21.30%,56.80%,,,"$2,589,330",100.00%,45.90%,,,,,,,,,,,,,,,,,,,25.20%,91.70%,87.10%,,,38.00%,90.00%,28.60%,80.00%,126:1,50.00%,"$4,561",100.00%,"$49,112",100.00%,110.90%,100.00%,100.00%,0.14,80.00%,31.00%,,,0,,,12.00%,71.40%,45.50%,93.10%,20.00%,59.90%,18.20%,80.00%,20.00%,85.80%,100.00%,100.00%,1.80%,46.60%,,0%,,,,B+
24,United Utilities Group PLC,Water and sewage treatment,Water Utilities,Utilities,U.K.,"Warrington, U.K.","$2,749,267,249",$933,62.90%,"$10,544",83.50%,$4,37.50%,97.30%,,,"$243,686",92.90%,54.80%,,,,,,,,,,,,,,,,,,,2.90%,13.50%,80.60%,,,41.60%,41.20%,100.00%,100.00%,71:1,50.00%,"$9,660",100.00%,"$587,897",100.00%,125.70%,100.00%,100.00%,0.144,60.00%,31.30%,,,0,,,6.00%,100.00%,40.00%,86.40%,45.50%,94.20%,10.00%,66.40%,0.00%,0.00%,0.00%,100.00%,12.50%,86.30%,,0%,,,,B+
25,XPeng Inc,"Cars and trucks manufacturing, including parts",Automobiles,Consumer Discretionary,China,"Guangzhou, China","$26,855,119,000","$61,710",94.40%,"$264,119",75.00%,,,,,,"$1,034,560",56.10%,67.30%,,,"$1,904,618,369",75.00%,0.294238683,0.00%,,,,,,,,,,,,,0.00%,,0.00%,,,100.00%,100.00%,100.00%,100.00%,,,,,,,,,,0.101,85.00%,24.20%,,,0,,,28.00%,25.00%,14.30%,23.30%,0.00%,0.00%,0.00%,0.00%,0.00%,0.00%,0.00%,0.00%,,,10.90%,0%,,,,B
26,Wheaton Precious Metals Corp,Asset management,Metals & Mining,Financials,Canada,"Vancouver, Canada","$1,065,053,000","$6,309,929",83.50%,"$33,251,733",82.50%,,,,,,,,,,,,,,,,,,,,,,,,,,,0.20%,0.60%,67.50%,,,20.70%,100.00%,,,5:1,96.60%,"$33,976",100.00%,,,,,75.00%,,,,,,0,,,7.00%,100.00%,30.00%,63.90%,0.00%,0.00%,10.00%,66.40%,20.00%,85.80%,100.00%,100.00%,6.00%,66.50%,35.60%,0%,,,,B
27,Brookfield Renewable Partners LP,Power Generation,Independent Power and Renewable Electricity Producers,Utilities,Bermuda,"Hamilton, Bermuda","$4,711,000,000","$1,619",63.90%,"$25,165",82.90%,$695,64.40%,69.30%,,,,,,,,No VOC emissions,100.00%,0.04526749,0.00%,"$24,664,921",95.20%,48.50%,0.00%,"$13,086,111,111",75.50%,20.70%,0.00%,No PM emissions,100.00%,5.00%,0.00%,4.30%,32.30%,81.70%,,,96.70%,70.00%,99.60%,71.30%,58:1,17.60%,,,,,,,,1.2,6.40%,84.90%,,,0,,,,,33.30%,66.90%,50.00%,97.90%,11.10%,69.50%,20.00%,85.80%,0.00%,100.00%,0.00%,0.00%,14.90%,0%,,,,B
28,ERG SpA,Power Generation,Independent Power and Renewable Electricity Producers,Utilities,Italy,"Genoa, Italy","$2,214,327,128",$134,46.00%,"$2,342",63.70%,$9,25.10%,95.10%,,,,,,,,No VOC emissions,100.00%,0.04526749,0.00%,"$6,009,029",77.30%,55.40%,0.00%,No SOX emissions,100.00%,3.40%,0.00%,No PM emissions,100.00%,5.00%,0.00%,8.60%,61.30%,68.20%,,,52.20%,55.70%,100.00%,100.00%,22:1,52.90%,"$5,254",29.60%,,,,,22.20%,0.42,29.80%,61.30%,,,0,,,9.00%,60.70%,41.70%,86.70%,12.50%,41.00%,0.00%,0.00%,0.00%,0.00%,100.00%,100.00%,6.70%,68.50%,79.30%,0%,,,,B
29,Kesko Oyj,Grocery stores,Food & Staples Retailing,Consumer Staples,Finland,"Helsinki, Finland","$18,209,602,408","$10,642",85.00%,"$124,317",74.80%,"$24,235",94.70%,40.10%,,,"$19,069,643",95.30%,24.40%,,,,,,,,,,,,,,,,,,,9.40%,36.40%,81.70%,,,2.80%,100.00%,9.60%,100.00%,110:1,75.00%,"$7,450",100.00%,"$19,464",100.00%,138.60%,100.00%,100.00%,1.15,72.70%,83.70%,,,0,,,18.00%,87.50%,28.60%,55.80%,25.00%,71.30%,0.00%,0.00%,0.00%,0.00%,100.00%,100.00%,7.00%,69.40%,18.10%,100%,,,,B
30,Risen Energy Co Ltd,Semiconductor and electronic components manufacturing,Semiconductors & Semiconductor Equipment,Information Technology,China,"Ningbo, China","$7,306,243,027","$2,356",42.90%,"$14,582",38.30%,,,,,,"$366,766",27.70%,63.60%,,,,,,,,,,,,,,,,,,,23.50%,95.90%,44.10%,,,100.00%,100.00%,100.00%,100.00%,21:1,88.90%,,,,,,,,,,,,,,,,,,,,,,,,25.00%,90.30%,0.00%,0.00%,,,,0%,,,,B
31,Severn Trent PLC,Water and sewage treatment,Water Utilities,Utilities,U.K.,"Coventry, U.K.","$3,262,682,811","$2,658",72.80%,"$5,751",62.90%,$5,56.70%,97.20%,,,"$98,357",79.90%,70.40%,,,,,,,,,,,,,,,,,,,1.80%,11.50%,78.00%,,,50.00%,47.10%,99.70%,56.50%,64:1,75.00%,"$4,415",50.00%,"$406,930",80.00%,86.50%,35.70%,41.40%,0.22,50.00%,42.20%,,,0,,,15.00%,11.10%,55.60%,98.20%,33.30%,79.30%,22.20%,84.70%,11.10%,74.50%,100.00%,100.00%,17.30%,93.30%,13.80%,0%,,,,B
32,Hydro One Ltd,Power transmission and distribution,Electric Utilities,Utilities,Canada,"Toronto, Canada","$6,204,963,173","$28,453",53.60%,"$19,867",67.10%,,,,,,,,,,,"$196,359,594",87.50%,0.37654321,0.00%,,,,,"$166,352,900",58.30%,49.00%,1.00%,"$308,704,636",48.80%,21.30%,2.00%,1.00%,10.70%,84.20%,,,36.30%,70.30%,98.10%,75.70%,9:1,100.00%,"$7,632",100.00%,"$647,133",92.90%,104.70%,86.50%,94.80%,8.8,10.00%,99.00%,,,0,,,6.00%,100.00%,40.00%,86.40%,20.00%,59.90%,10.00%,66.40%,0.00%,0.00%,100.00%,100.00%,9.80%,79.30%,62.40%,0%,,,,B
33,Zhuzhou CRRC Times Electric Co Ltd,Electrical equipment manufacturing,Machinery,Industrials,China,"Zhuzhou, China","$4,483,934,334","$6,302",46.20%,,,"$2,562",9.10%,52.30%,,,"$1,710,205",62.70%,35.10%,,,,,,,,,,,,,,,,,,,27.60%,88.60%,68.10%,,,100.00%,100.00%,100.00%,100.00%,,,"$7,940",94.70%,,,,,71.10%,,,,,,0,,,4.20%,92.30%,9.10%,13.20%,0.00%,0.00%,0.00%,0.00%,0.00%,0.00%,0.00%,0.00%,,,41.90%,0%,,,,B
34,First Solar Inc,Semiconductor and electronic components manufacturing,Semiconductors & Semiconductor Equipment,Information Technology,U.S.,"Tempe, U.S.","$2,619,319,000",$683,8.40%,"$4,270",8.70%,,,,,,"$343,833",25.20%,48.90%,,,,,,,,,,,,,,,,,,,15.50%,70.90%,51.70%,,,100.00%,100.00%,100.00%,64.30%,,,,,,,,,,0.14,53.50%,31.00%,,,0,,,,,25.00%,52.00%,11.10%,35.00%,16.70%,77.90%,11.10%,74.50%,0.00%,100.00%,7.70%,70.80%,,0%,,,,B
35,Eisai Co Ltd,Pharmaceutical and biotech manufacturing,Pharmaceuticals,Health Care,Japan,"Tokyo, Japan","$7,818,175,356","$8,223",72.60%,"$188,590",95.70%,"$2,024",33.70%,62.90%,,,"$3,643,139",75.50%,33.00%,,,"$208,373,544",37.90%,0.403292181,2.00%,,,,,,,,,,,,,15.90%,57.60%,75.20%,,,48.90%,94.40%,22.20%,89.50%,10:1,100.00%,"$1,223",7.90%,"$80,893",60.90%,109.10%,82.60%,16.80%,0,100.00%,,,,0,,,2.00%,98.00%,18.20%,32.10%,16.10%,46.60%,9.10%,63.20%,12.90%,77.70%,100.00%,100.00%,,,28.90%,0%,,,,B
36,Radius Recycling,Waste Management,Metals & Mining,Materials,U.S.,"Portland, U.S.","$3,485,815,000","$1,185",44.60%,"$19,067",85.00%,"$2,663",100.00%,47.50%,,,"$37,042",91.70%,81.20%,75.30%,0.00%,"$28,339,959",59.10%,0.561728395,1.00%,"$2,472,209",35.40%,67.60%,2.00%,"$37,481,882",58.90%,56.30%,1.00%,"$35,210,253",100.00%,34.00%,0.00%,4.50%,18.50%,38.80%,,,95.00%,62.50%,100.00%,100.00%,103:1,40.00%,"$3,169",100.00%,"$4,610",33.30%,125.00%,100.00%,83.30%,0.4,33.30%,60.20%,,,0,,,,,50.00%,97.50%,14.30%,42.00%,12.50%,72.10%,0.00%,0.00%,100.00%,100.00%,4.40%,60.90%,2.40%,0%,"$3,250,000",45.50%,5.00%,B
37,Beazley PLC,Insurance companies,Insurance,Financials,U.K.,"London, U.K.","$3,466,600,000","$216,893",75.30%,"$2,864,982",83.00%,,,,,,,,,,,,,,,,,,,,,,,,,,,10.00%,44.40%,44.50%,,,14.90%,100.00%,,,11:1,88.90%,"$8,416",87.80%,,,,,65.90%,,,,,,0,,,12.00%,66.10%,45.50%,93.10%,54.50%,98.00%,27.30%,89.00%,9.10%,71.10%,100.00%,100.00%,0.00%,0.00%,6.40%,0%,,,,B
38,Cascades Inc,Packaging,Containers & Packaging,Materials,Canada,"Kingsey Falls, Canada","$3,561,872,176",$198,18.30%,"$4,763",45.30%,,,,,,"$28,649",35.70%,83.20%,,,,,,,,,,,,,,,,,,,2.90%,7.40%,50.40%,,,88.40%,90.00%,86.40%,100.00%,66:1,62.50%,"$3,292",71.40%,"$27,040",40.00%,115.70%,100.00%,63.60%,1.3,11.10%,86.30%,,,0,,,27.00%,22.20%,38.50%,82.30%,8.30%,31.20%,0.00%,0.00%,0.00%,0.00%,100.00%,100.00%,0.00%,0.00%,22.30%,0%,,,,B
39,EDP Renováveis SA,Power Generation,Independent Power and Renewable Electricity Producers,Utilities,Spain,"Madrid, Spain","$3,656,856,396","$72,746",85.50%,,,,,,,,"$9,523,064",79.00%,16.60%,,,,,,2.50%,No NOX emissions,100.00%,1.50%,0.00%,No SOX emissions,100.00%,3.40%,0.00%,,,,2.50%,2.20%,17.90%,87.90%,,,100.00%,100.00%,100.00%,100.00%,7:1,91.20%,"$4,490",22.20%,,,,,16.70%,0.5,23.40%,65.90%,,,0.000324,9.70%,5.00%,13.00%,19.60%,33.30%,66.90%,16.70%,47.00%,16.70%,77.90%,33.30%,94.50%,0.00%,100.00%,29.90%,99.40%,52.10%,0%,,,,B
40,Beijing Enterprises Water Group Ltd,Water and sewage treatment,Water Utilities,Utilities,Hong Kong,"Wan Chai, Hong Kong","$4,258,842,823",$618,33.50%,"$3,828",31.70%,$925,75.00%,65.20%,,,"$1,575",24.10%,95.40%,,,,,,,,,,,,,,,,,,,8.40%,48.10%,78.20%,,,93.80%,82.40%,100.00%,100.00%,,,"$3,501",16.70%,,,,,12.50%,0.108,80.00%,24.70%,,,0,,,13.10%,22.20%,20.00%,38.40%,12.50%,41.00%,0.00%,0.00%,0.00%,0.00%,0.00%,0.00%,0.00%,0.00%,,0%,,,,B
41,Atea ASA,Computers and peripherals manufacturing,IT Services,Information Technology,Norway,"Oslo, Norway","$3,016,575,101","$37,001",48.80%,"$483,930",70.40%,,,,,,"$4,821,043",14.50%,20.20%,,,,,,,,,,,,,,,,,,,12.00%,32.10%,32.40%,,,56.60%,75.00%,38.20%,90.00%,23:1,66.70%,"$4,983",85.70%,,,,,64.30%,0,100.00%,,,,0,,,17.00%,38.50%,37.50%,82.00%,12.50%,41.00%,0.00%,0.00%,0.00%,0.00%,100.00%,100.00%,13.50%,87.80%,56.30%,0%,,,,B
42,Yadea Group Holdings Ltd,Non-road transport equipment manufacturing,Automobiles,Consumer Discretionary,China,"Wuxi, China","$7,722,646,832","$7,355",57.70%,"$49,209",25.00%,"$9,538",41.60%,41.30%,,,"$215,814",13.30%,71.30%,,,,,,,,,,,,,,,,,,,8.30%,26.20%,47.70%,,,100.00%,100.00%,100.00%,100.00%,7:1,100.00%,"$1,992",27.30%,,,,,20.50%,,,,,,0.000084,40.20%,3.00%,6.10%,76.50%,12.50%,22.80%,11.10%,37.40%,0.00%,0.00%,0.00%,0.00%,0.00%,0.00%,,,2.90%,0%,,,,B
43,Li Auto Inc,"Cars and trucks manufacturing, including parts",Automobiles,Consumer Discretionary,China,"Beijing, China","$11,260,153,188","$12,682",70.60%,"$107,512",66.80%,"$13,512",61.90%,41.80%,,,"$463,644",35.80%,66.30%,,,"$1,083,749,104",71.30%,0.263374486,1.00%,,,,,,,,,,,,,2.90%,3.40%,,,,100.00%,100.00%,100.00%,100.00%,95:1,25.70%,,,,,,,,7.218,2.50%,98.90%,,,0,,,32.00%,13.60%,12.50%,22.80%,0.00%,0.00%,0.00%,0.00%,0.00%,0.00%,0.00%,0.00%,,,41.00%,0%,,,,B-
44,Maxeon Solar Technologies Ltd,Semiconductor and electronic components manufacturing,Semiconductors & Semiconductor Equipment,Information Technology,Singapore,"Singapore, Singapore","$1,060,113,000",$825,11.80%,"$4,422",10.00%,,,,,,"$226,085",15.40%,42.10%,,,,,,,,,,,,,,,,,,,8.10%,34.70%,,,,100.00%,100.00%,100.00%,100.00%,,,,,,,,,,0.27,34.90%,48.30%,,,0,,,,,0.00%,0.00%,22.20%,60.90%,44.40%,97.30%,0.00%,0.00%,0.00%,0.00%,,,34.70%,0%,,,,B-
45,Kering SA,"Retail, except grocery and auto","Textiles, Apparel & Luxury Goods",Consumer Discretionary,France,"Paris, France","$31,381,456,398","$109,484",91.80%,"$261,469",75.30%,"$30,373",65.90%,44.10%,,,"$3,745,895",51.50%,50.90%,,,,,,,,,,,,,,,,,,,27.60%,92.40%,96.70%,95.60%,0.00%,26.50%,100.00%,4.60%,92.90%,151:1,12.50%,$359,8.30%,"$4,310",62.50%,40.90%,22.20%,6.30%,0.672,60.90%,73.40%,,,0,,,20.00%,75.70%,46.20%,94.10%,38.50%,88.00%,15.40%,75.30%,0.00%,0.00%,100.00%,100.00%,5.30%,64.70%,,0%,,,,B-
46,Tesla Inc,"Cars and trucks manufacturing, including parts",Automobiles,Consumer Discretionary,U.S.,"Austin, U.S.","$81,462,000,000",,,"$133,544",71.50%,"$24,220",98.50%,60.70%,,,"$1,230,265",61.00%,77.70%,,,,,,2.50%,,,,,,,,,,,,,5.60%,10.70%,95.60%,18.30%,2.50%,100.00%,100.00%,100.00%,100.00%,,,$712,22.60%,,,,,16.90%,,,,,,,,,,,25.00%,52.00%,0.00%,0.00%,25.00%,87.70%,50.00%,97.90%,0.00%,0.00%,,,26.50%,0%,,,,B-
47,Umicore SA,Basic inorganic chemicals and synthetics,Chemicals,Materials,Belgium,"Brussels, Belgium","$39,221,844,430","$8,266",92.90%,"$57,259",80.90%,"$4,079",74.50%,73.20%,,,"$463,085",80.10%,80.00%,,,,,,2.50%,"$158,792,892",87.50%,51.30%,0.00%,"$103,761,493",72.20%,67.00%,1.00%,,,,,16.60%,63.20%,79.20%,,,12.00%,81.80%,63.30%,91.70%,32:1,52.90%,"$5,701",92.90%,"$75,021",52.60%,48.90%,10.00%,69.60%,0.974,13.30%,81.00%,,,0,,,6.00%,90.90%,40.00%,86.40%,14.30%,42.00%,0.00%,0.00%,0.00%,0.00%,100.00%,100.00%,15.10%,90.40%,,0%,,,,B-
48,SAP SE,IT services except telecom and hosting,Software,Information Technology,Germany,"Walldorf, Germany","$47,603,407,226","$30,225",33.50%,"$168,329",25.50%,"$54,218",57.00%,42.40%,,,,,,,,,,,,,,,,,,,,,,,,27.80%,96.40%,,,,29.90%,80.00%,3.20%,83.30%,30:1,50.00%,"$6,294",81.40%,"$25,121",55.60%,101.50%,83.80%,70.90%,,,,,,0,,,8.00%,100.00%,44.40%,91.20%,28.60%,73.80%,22.20%,84.70%,0.00%,0.00%,100.00%,100.00%,4.40%,60.30%,,0%,,,,B-
49,McCormick & Company Inc,Food and beverage manufacturing,Food Products,Consumer Staples,U.S.,"Hunt Valley, U.S.","$6,350,500,000","$6,066",92.90%,"$80,976",96.80%,"$2,481",73.40%,57.70%,,,"$294,045",48.80%,64.70%,,,,,,,,,,,,,,,,,,,14.30%,46.80%,76.10%,,,46.30%,92.60%,22.20%,94.30%,,,"$2,207",51.10%,"$69,511",94.40%,97.10%,66.50%,53.60%,0.52,54.80%,66.70%,,,0,,,21.00%,31.80%,36.40%,76.10%,37.50%,87.80%,27.30%,89.00%,0.00%,0.00%,100.00%,0.00%,0.00%,0.00%,1.60%,0%,,,,B-
50,NIO Inc,"Cars and trucks manufacturing, including parts",Automobiles,Consumer Discretionary,China,"Shanghai, China","$12,250,177,716","$5,973",57.40%,"$42,750",46.90%,,,,,,,,,,,"$1,227,472,717",73.20%,0.257201646,1.00%,,,,,,,,,,,,,0.80%,1.50%,0.10%,,,100.00%,100.00%,100.00%,100.00%,,,,,,,,,,,,,,,,,,,,16.70%,31.50%,0.00%,0.00%,16.70%,77.90%,16.70%,82.50%,0.00%,0.00%,,,11.30%,0%,,,,B-
51,BCE Inc,Telecom providers,Diversified Telecommunication Services,Communication Services,Canada,"Verdun, Canada","$19,280,048,810","$3,860",42.00%,"$75,217",74.00%,"$15,050",12.40%,47.30%,,,"$1,683,030",15.10%,55.10%,,,,,,,,,,,,,,,,,,,7.90%,61.20%,96.40%,25.50%,2.00%,24.20%,95.20%,77.90%,83.80%,137:1,15.40%,"$2,592",28.60%,"$365,308",97.10%,115.90%,98.00%,45.20%,1.11,7.70%,83.20%,,,0.000022,82.00%,1.00%,18.30%,28.30%,35.70%,75.40%,36.40%,86.00%,14.30%,74.30%,9.10%,71.10%,100.00%,100.00%,2.40%,50.70%,56.30%,0%,,,,B-
52,Investec Ltd,Banks,Capital Markets,Financials,South Africa,"Sandton, South Africa","$3,436,460,492","$85,145",60.90%,"$130,634",11.70%,,,,,,,,,,,,,,,,,,,,,,,,,,,20.30%,83.40%,71.50%,,,14.20%,89.20%,,,43:1,50.00%,"$9,437",88.40%,,,,,66.30%,,,,,,0,,,11.00%,60.60%,42.90%,88.00%,0.00%,0.00%,42.90%,96.80%,50.00%,97.90%,100.00%,100.00%,7.40%,70.30%,,0%,,,,B-
53,Novo Nordisk A/S,Pharmaceutical and biotech manufacturing,Pharmaceuticals,Health Care,Denmark,"Bagsvaerd, Denmark","$72,105,332,281","$78,957",94.40%,"$336,603",93.60%,"$18,404",95.30%,63.10%,,,"$2,089,888",74.40%,70.90%,,,"$1,368,222,624",96.90%,0.450617284,0.00%,,,,,,,,,,,,,18.90%,70.20%,97.20%,80.50%,0.00%,4.30%,50.00%,46.70%,94.70%,76:1,23.10%,"$7,729",76.30%,,,,,57.20%,0.3,33.30%,52.00%,,,0.000036,69.70%,2.00%,8.00%,94.10%,46.20%,94.10%,20.00%,59.90%,7.70%,60.30%,10.00%,72.50%,100.00%,100.00%,4.20%,59.80%,,0%,,,,B-
54,Puma SE,Textiles and clothing manufacturing,"Textiles, Apparel & Luxury Goods",Consumer Discretionary,Germany,"Erlangen, Germany","$13,053,273,380","$278,402",96.70%,"$312,773",75.00%,"$88,661",79.40%,20.00%,,,"$6,579,271",63.80%,31.80%,,,,,,,,,,,,,,,,,,,16.90%,64.50%,73.80%,,,53.80%,100.00%,0.10%,36.40%,226:1,16.70%,"$7,637",92.30%,"$8,900",55.60%,79.00%,51.50%,71.00%,0.45,44.40%,63.00%,,,0,,,35.00%,33.30%,33.30%,66.90%,50.00%,97.90%,16.70%,77.90%,0.00%,0.00%,100.00%,100.00%,5.00%,63.30%,,100%,,,,B-
55,Samsung SDI Co Ltd,Semiconductor and electronic components manufacturing,"Electronic Equipment, Instruments & Components",Information Technology,South Korea,"Yongin-si, South Korea","$24,675,116,171",$809,14.20%,"$14,103",45.10%,"$2,583",70.80%,73.00%,,,"$2,039,266",68.60%,55.90%,,,,,,,,,,,,,,,,,,,8.70%,36.20%,87.20%,,,87.30%,55.30%,93.70%,59.50%,135:1,33.30%,$364,4.80%,"$26,850",79.50%,125.30%,98.90%,23.20%,0.0065,83.70%,2.10%,,,0,,,13.00%,47.20%,28.60%,55.80%,0.00%,0.00%,0.00%,0.00%,0.00%,0.00%,100.00%,100.00%,0.00%,0.00%,58.90%,0%,"$207,692",95.90%,1.00%,B-
56,"Rivian Automotive, Inc","Cars and trucks manufacturing, including parts",Automobiles,Consumer Discretionary,U.S.,"Irvine, U.S.","$1,658,000,000",,,,,,,,,,,,,,,,,,2.50%,,,,,,,,,,,,,0.00%,,,,,100.00%,100.00%,100.00%,100.00%,55:1,51.40%,,,,,,,,,,,,,,,,,,42.90%,88.00%,50.00%,97.90%,14.30%,74.30%,0.00%,0.00%,0.00%,0.00%,0.00%,0.00%,6.20%,0%,,,,B-
57,Intesa Sanpaolo SpA,Banks,Banks,Financials,Italy,"Turin, Italy","$33,106,966,187","$30,433",33.20%,"$195,778",27.60%,"$18,789",12.20%,52.50%,,,"$112,227,004",72.60%,14.70%,,,,,,,,,,,,,,,,,,,26.20%,99.10%,97.20%,,,16.20%,92.50%,,,102:1,7.10%,"$6,141",71.60%,"$21,576",34.00%,90.60%,30.40%,53.70%,0.1244,12.20%,27.80%,,,0,,,7.00%,78.80%,42.10%,87.70%,5.90%,29.40%,0.00%,0.00%,0.00%,0.00%,100.00%,100.00%,15.60%,91.30%,45.90%,0%,,,,B-
58,Novozymes A/S,Pharmaceutical and biotech manufacturing,Chemicals,Materials,Denmark,"Bagsvaerd, Denmark","$2,777,456,917","$1,155",13.60%,"$7,348",12.10%,$319,5.90%,72.00%,,,"$375,332",36.10%,48.70%,,,,,,2.50%,,,,,,,,,,,,,16.30%,61.00%,69.10%,,,66.90%,100.00%,14.00%,84.20%,35:1,56.40%,"$8,120",81.60%,,,,,61.20%,0.34,24.20%,55.50%,,,0,,,11.40%,70.60%,27.30%,52.60%,50.00%,97.90%,0.00%,0.00%,12.50%,77.70%,100.00%,100.00%,9.00%,75.20%,37.30%,0%,,,,C+
59,Elisa Oyj,Telecom providers,Diversified Telecommunication Services,Communication Services,Finland,"Helsinki, Finland","$3,283,711,434","$19,643",62.60%,"$57,863",67.20%,"$181,421",69.10%,6.00%,,,"$82,339,805",87.70%,6.50%,,,,,,,,,,,,,,,,,,,10.70%,80.30%,73.30%,,,16.30%,85.70%,62.90%,78.40%,31:1,73.10%,"$11,073",82.10%,"$12,591",20.60%,74.50%,27.50%,61.60%,,,,,,0,,,25.00%,8.70%,37.50%,82.00%,18.20%,52.00%,12.50%,72.10%,0.00%,0.00%,100.00%,100.00%,3.40%,56.00%,,0%,,,,C+
60,Arçelik AS,Appliances and lighting fixtures manufacturing,Household Durables,Consumer Discretionary,Turkey,"Istanbul, Turkey","$26,594,873,722","$20,642",87.50%,"$224,900",85.00%,"$17,848",81.30%,49.50%,,,"$4,863,730",79.20%,44.20%,,,,,,,,,,,,,,,,,,,5.50%,6.70%,85.10%,,,10.00%,100.00%,14.90%,100.00%,,,$698,100.00%,,,,,75.00%,0.224,80.00%,42.80%,,,0,,,13.00%,66.70%,16.70%,28.40%,16.70%,47.00%,8.30%,61.50%,0.00%,0.00%,0.00%,100.00%,,,23.70%,100%,,,,C+
61,Pirelli & C SpA,Plastic and rubber product manufacturing,Auto Components,Consumer Discretionary,Italy,"Milan, Italy","$10,201,520,731","$1,545",28.10%,"$14,318",25.00%,"$1,631",33.30%,68.20%,,,"$322,069",62.50%,70.20%,,,"$14,188,485",100.00%,0.783950617,0.00%,,,,,,,,,,,,,12.40%,14.30%,81.80%,,,22.90%,100.00%,15.80%,100.00%,548:1,25.00%,$995,66.70%,"$44,694",100.00%,105.50%,80.00%,70.00%,0.4,66.70%,60.20%,,,0,,,13.00%,100.00%,20.00%,38.40%,0.00%,0.00%,46.70%,97.40%,0.00%,0.00%,100.00%,100.00%,21.70%,96.50%,,0%,,,,C+
62,Singapore Telecommunications Ltd,Telecom providers,Diversified Telecommunication Services,Communication Services,Singapore,"Singapore, Singapore","$17,899,632,803","$6,661",55.60%,"$37,135",46.40%,,,,,,,,,,,,,,,,,,,,,,,,,,,6.90%,53.10%,93.50%,22.40%,2.50%,11.70%,40.50%,59.60%,73.00%,28:1,80.80%,"$12,733",85.70%,,,,,64.30%,0.16,65.40%,33.80%,,,0,,,22.00%,17.40%,42.90%,88.00%,36.40%,86.00%,28.60%,90.00%,18.20%,83.50%,100.00%,100.00%,8.70%,74.10%,65.90%,0%,,,,C+
63,Xinyi Solar Holdings Ltd,Glass and ceramics,Semiconductors & Semiconductor Equipment,Information Technology,China,"Wuhu, China","$3,502,223,150",$86,17.90%,$891,9.20%,$334,14.70%,74.20%,,,"$56,616",17.70%,77.20%,,,,,,2.50%,"$1,013,668",15.60%,76.90%,2.50%,"$2,307,130",37.20%,79.20%,2.00%,"$24,838,462",100.00%,36.90%,0.00%,10.50%,33.30%,71.90%,,,100.00%,100.00%,100.00%,100.00%,213:1,15.40%,"$1,853",73.30%,,,,,55.00%,0.67,30.80%,73.30%,,,0,,,30.00%,18.80%,11.10%,15.20%,0.00%,0.00%,0.00%,0.00%,0.00%,0.00%,100.00%,100.00%,,,,0%,,,,C+
64,Cisco Systems Inc,Telephones and telecom equip manufacturing,Communications Equipment,Information Technology,U.S.,"San Jose, U.S.","$51,557,000,000","$46,647",79.90%,"$86,080",32.20%,"$21,699",76.20%,56.70%,,,"$32,102,740",89.60%,29.40%,,,,,,,,,,,,,,,,,,,22.00%,87.00%,98.40%,88.20%,0.00%,41.80%,80.00%,0.10%,40.00%,366:1,18.20%,"$2,221",63.60%,"$2,823",30.00%,,,47.70%,0.03,62.50%,8.80%,,,0,,,13.00%,84.60%,41.70%,86.70%,40.00%,91.20%,16.70%,77.90%,20.00%,85.80%,100.00%,100.00%,6.80%,69.10%,,0%,,,,C+
65,KB Financial Group Inc,Banks,Banks,Financials,South Korea,"Seoul, South Korea","$18,408,153,362","$16,370",11.50%,"$142,713",16.70%,,,,,,,,,,,,,,,,,,,,,,,,,,,24.70%,98.90%,94.90%,,,5.50%,75.00%,,,11:1,89.30%,"$17,649",100.00%,"$97,580",76.30%,117.70%,76.30%,88.10%,,,,,,0,,,6.00%,83.80%,33.30%,66.90%,14.30%,42.00%,0.00%,0.00%,0.00%,0.00%,100.00%,100.00%,0.00%,0.00%,,100%,,,,C+
66,Sanofi SA,Pharmaceutical and biotech manufacturing,Pharmaceuticals,Health Care,France,"Paris, France","$66,301,826,974","$7,480",67.70%,"$93,914",66.60%,"$5,716",62.70%,75.40%,,,"$2,818,476",89.30%,65.80%,,,"$47,392,299",8.50%,0.858024691,2.50%,,,,,,,,,,,,,17.30%,65.40%,98.50%,74.30%,1.00%,27.20%,83.30%,10.20%,78.90%,98:1,15.40%,"$4,008",34.20%,"$145,675",78.30%,79.70%,21.70%,25.70%,0.26,39.40%,47.40%,,,0.00001,93.30%,1.00%,12.00%,66.70%,37.50%,82.00%,27.30%,72.20%,12.50%,72.10%,9.10%,71.10%,100.00%,100.00%,14.80%,88.90%,8.80%,0%,,,,C+
67,HP Inc,Computers and peripherals manufacturing,"Technology Hardware, Storage & Peripherals",Information Technology,U.S.,"Palo Alto, U.S.","$62,983,000,000","$41,091",55.00%,"$259,083",48.20%,,,,,,"$5,563,869",28.70%,54.90%,,,,,,,,,,,,,,,,,,,15.20%,67.90%,93.90%,66.00%,1.00%,77.80%,100.00%,0.40%,30.00%,787:1,11.10%,"$2,343",21.40%,"$100,669",84.60%,100.00%,93.50%,35.60%,0.06,50.00%,16.90%,,,0,,,13.00%,69.20%,46.20%,94.10%,30.80%,78.00%,30.80%,92.00%,38.50%,95.20%,0.00%,100.00%,0.00%,0.00%,32.00%,100%,,,,C+
68,Essity AB (publ),Packaging,Household Products,Consumer Staples,Sweden,"Stockholm, Sweden","$18,020,892,387",$459,67.20%,"$6,803",64.50%,$182,45.80%,91.60%,,,"$31,671",50.30%,90.90%,,,,,,,,,,,,,,,,,,,12.60%,51.90%,87.50%,,,32.60%,50.00%,9.90%,70.00%,65:1,75.00%,"$3,709",100.00%,"$79,601",90.00%,80.40%,55.60%,86.40%,0.7,33.30%,75.00%,,,0.000021,84.50%,1.00%,16.30%,66.70%,38.50%,82.30%,33.30%,79.30%,0.00%,0.00%,8.30%,69.10%,100.00%,100.00%,16.30%,91.80%,38.40%,0%,,,,C+
69,Equinix Inc,"Data processing, hosting services",Equity Real Estate Investment Trusts (REITs),Information Technology,U.S.,"Redwood City, U.S.","$7,263,105,000","$4,284",12.70%,"$2,970",8.90%,,,,,,,,,,,,,,,,,,,,,,,,,,,4.50%,27.30%,89.10%,,,48.00%,100.00%,1.40%,90.00%,,,,,,,,,,,,,,,0,,,12.00%,100.00%,40.00%,86.40%,16.70%,47.00%,20.00%,82.60%,25.00%,90.30%,100.00%,100.00%,0.20%,39.70%,,0%,,,,C+
70,Unibail-Rodamco-Westfield SE,Real estate and leasing,Equity Real Estate Investment Trusts (REITs),Real Estate,France,"Paris, France","$4,631,891,245","$6,132",85.80%,"$29,790",50.10%,$800,39.10%,67.00%,,,"$136,939",58.20%,70.50%,,,,,,,,,,,,,,,,,,,4.10%,64.60%,88.80%,,,49.70%,63.60%,8.00%,76.50%,26:1,75.00%,,,"$9,043",40.00%,,,0.00%,0.413533835,37.00%,60.60%,,,0,,,27.00%,27.50%,50.00%,97.50%,20.00%,59.90%,10.00%,66.40%,0.00%,0.00%,100.00%,100.00%,14.80%,88.60%,,0%,,,,C+
71,Apple Inc,Telephones and telecom equip manufacturing,"Technology Hardware, Storage & Peripherals",Information Technology,U.S.,"Cupertino, U.S.","$394,328,000,000","$309,379",95.60%,"$351,888",69.70%,,,,,,"$23,345,450",89.30%,60.60%,,,,,,,,,,,,,,,,,,,16.50%,70.10%,99.90%,71.30%,1.00%,69.70%,100.00%,0.50%,80.00%,,,,,,,,,,,,,,,,,,,,33.30%,66.90%,30.00%,77.80%,11.10%,69.50%,15.00%,80.40%,100.00%,100.00%,0.00%,0.00%,,100%,"$431,307,831",43.00%,5.00%,C+
72,Ricoh Co Ltd,Computers and peripherals manufacturing,"Technology Hardware, Storage & Peripherals",Information Technology,Japan,"Tokyo, Japan","$22,414,493,085","$7,522",34.20%,"$70,161",30.60%,,,,,,"$11,229,706",67.90%,32.00%,,,,,,,,,,,,,,,,,,,19.30%,90.60%,79.00%,,,50.80%,50.00%,33.70%,80.00%,17:1,88.90%,"$4,013",71.40%,"$51,539",76.90%,92.70%,80.60%,68.00%,0.21,30.00%,41.00%,,,0,,,11.30%,76.90%,12.50%,22.80%,20.00%,59.90%,0.00%,0.00%,13.30%,78.50%,100.00%,0.00%,0.00%,0.00%,6.30%,0%,,,,C+
73,Cogeco Communications Inc,Telecom providers,Media,Communication Services,Canada,"Montreal, Canada","$2,313,425,610","$3,349",28.80%,"$77,783",80.60%,,,,,,,,,,,,,,,,,,,,,,,,,,,6.40%,50.30%,72.30%,,,26.40%,100.00%,28.20%,43.20%,54:1,42.30%,"$2,177",21.40%,"$8,704",14.70%,105.00%,78.40%,16.10%,0.84,11.50%,78.40%,,,0,,,16.00%,41.30%,50.00%,97.50%,25.00%,71.30%,10.00%,66.40%,12.50%,77.70%,100.00%,100.00%,6.40%,67.90%,,0%,,,,C+
74,Solaredge Technologies Inc,Semiconductor and electronic components manufacturing,Semiconductors & Semiconductor Equipment,Information Technology,Israel,"Herzliya, Israel","$3,110,279,000","$8,158",58.50%,"$73,903",66.40%,,,,,,"$3,760,554",69.70%,22.90%,,,,,,,,,,,,,,,,,,,19.30%,86.20%,40.20%,,,93.90%,57.90%,42.80%,57.10%,,,,,,,,,,0.61,4.70%,70.50%,,,0,,,20.00%,26.40%,50.00%,97.50%,16.70%,47.00%,0.00%,0.00%,0.00%,0.00%,0.00%,100.00%,0.70%,40.80%,14.30%,0%,,,,C+
75,Telefônica Brasil SA,Telecom providers,Diversified Telecommunication Services,Communication Services,Brazil,"São Paulo, Brazil","$26,782,292,808","$293,781",96.40%,"$250,602",96.30%,,,,,,,,,,,,,,,,,,,,,,,,,,,2.30%,17.70%,96.10%,7.20%,2.50%,12.50%,52.40%,52.70%,62.20%,90:1,30.80%,$22,3.60%,"$23,647",44.10%,166.20%,100.00%,13.70%,0.31,46.20%,52.40%,,,0,,,20.90%,21.70%,33.30%,66.90%,17.60%,51.60%,8.30%,61.50%,11.80%,74.90%,100.00%,100.00%,10.00%,80.50%,65.90%,0%,,,,C+
76,Unilever PLC,Personal products (retail chemical),Personal Products,Consumer Staples,U.K.,"London, U.K.","$92,633,198,870","$9,147",65.20%,"$53,579",32.30%,"$3,265",44.30%,84.60%,,,"$3,971,583",79.00%,65.70%,,,,,,2.50%,,,,,,,,,,,,,22.90%,83.30%,98.50%,90.30%,0.00%,2.00%,72.70%,4.10%,87.50%,98:1,50.00%,"$2,566",76.90%,"$203,292",100.00%,115.30%,92.50%,80.80%,0.25,57.10%,46.40%,,,0.000007,96.80%,1.00%,22.00%,31.30%,38.50%,82.30%,23.10%,63.20%,30.80%,92.00%,15.40%,80.90%,100.00%,100.00%,7.50%,70.60%,,100%,"$1,744,186",89.30%,1.00%,C+
77,Xerox Holdings Corp,Computers and peripherals manufacturing,"Technology Hardware, Storage & Peripherals",Information Technology,U.S.,"Norwalk, U.S.","$7,107,000,000","$3,347",11.70%,"$56,147",20.00%,,,,,,"$5,112,950",22.20%,27.70%,,,,,,,,,,,,,,,,,,,6.20%,7.50%,73.30%,,,74.80%,87.50%,11.50%,60.00%,,,"$7,865",100.00%,"$321,690",100.00%,92.80%,83.90%,96.00%,0.4,10.00%,60.20%,,,0,,,28.00%,15.40%,25.00%,52.00%,41.70%,91.40%,25.00%,87.70%,16.70%,82.50%,100.00%,100.00%,5.70%,65.90%,3.90%,0%,,,,C
78,Coloplast A/S,Medical equipment manufacturing,Health Care Equipment & Supplies,Health Care,Denmark,"Humlebæk, Denmark","$3,572,733,990","$21,715",96.70%,"$71,029",53.10%,"$13,771",78.40%,27.00%,,,"$825,112",46.10%,41.10%,,,,,,,,,,,,,,,,,,,18.90%,92.90%,72.80%,,,9.10%,100.00%,0.20%,78.60%,43:1,66.70%,"$4,289",85.70%,"$4,277",20.00%,67.30%,38.50%,64.30%,0.48,15.40%,64.60%,,,0,,,14.00%,66.70%,33.30%,66.90%,16.70%,47.00%,0.00%,0.00%,0.00%,0.00%,100.00%,100.00%,5.20%,64.40%,1.80%,0%,,,,C
79,Sun Life Financial Inc,Insurance companies,Insurance,Financials,Canada,"Toronto, Canada","$18,600,533,563","$22,985",13.60%,"$549,255",22.70%,"$11,153",8.10%,51.60%,,,,,,,,,,,,,,,,,,,,,,,,15.40%,65.30%,91.60%,,,6.20%,88.90%,,,124:1,22.20%,"$3,853",53.70%,"$43,448",50.00%,101.30%,70.20%,45.30%,,,,,,0,,,15.00%,39.00%,50.00%,97.50%,41.70%,91.40%,25.00%,87.70%,16.70%,82.50%,100.00%,100.00%,0.00%,0.00%,46.10%,0%,,,,C
80,StarHub Ltd,Telecom providers,Wireless Telecommunication Services,Communication Services,Singapore,"Singapore, Singapore","$2,848,592,411","$6,349",59.10%,"$50,109",61.10%,"$297,659",92.20%,4.00%,,,"$153,977,968",90.20%,4.30%,,,,,,,,,,,,,,,,,,,12.90%,91.20%,63.00%,,,7.60%,16.70%,57.20%,70.30%,17:1,92.30%,"$21,383",100.00%,,,,,75.00%,0.24,53.80%,45.00%,,,0,,,22.00%,17.40%,25.00%,52.00%,22.20%,60.90%,58.30%,99.20%,44.40%,96.40%,100.00%,0.00%,0.00%,0.00%,56.30%,0%,,,,C
81,Hewlett Packard Enterprise Co,Computers and peripherals manufacturing,"Technology Hardware, Storage & Peripherals",Information Technology,U.S.,"Spring, U.S.","$28,496,000,000","$23,908",34.60%,"$93,302",31.20%,,,,,,"$26,220,819",70.10%,25.80%,,,,,,,,,,,,,,,,,,,7.40%,15.10%,94.00%,23.60%,2.50%,33.10%,37.50%,38.70%,100.00%,,,"$3,345",57.10%,"$162,406",92.30%,104.20%,96.80%,65.10%,0.01,80.00%,3.50%,,,0,,,9.00%,92.30%,46.20%,94.10%,21.40%,60.20%,7.70%,60.30%,7.10%,67.60%,100.00%,100.00%,0.00%,0.00%,,0%,,,,C
82,Svenska Handelsbanken AB,Banks,Banks,Financials,Sweden,"Stockholm, Sweden","$5,798,261,041","$34,033",38.80%,"$1,052,698",90.80%,"$76,590",57.10%,13.30%,,,,,,,,,,,,,,,,,,,,,,,,26.30%,99.20%,88.00%,,,7.20%,77.50%,,,17:1,82.10%,$904,5.30%,"$265,457",97.90%,148.70%,99.60%,28.30%,,,,,,,,,7.30%,76.30%,57.10%,98.60%,35.30%,85.40%,0.00%,0.00%,0.00%,0.00%,100.00%,0.00%,,,,0%,"$165,110",86.80%,1.00%,C
83,Nordea Bank Abp,Banks,Banks,Financials,Finland,"Helsinki, Finland","$21,637,491,827","$167,253",84.00%,"$3,242,058",82.10%,"$234,907",92.20%,14.90%,,,,,,,,,,,,,,,,,,,,,,,,10.00%,25.50%,98.10%,,,3.90%,66.70%,,,35:1,60.70%,"$15,110",97.90%,"$158,740",90.70%,95.40%,41.70%,81.50%,,,,,,0,,,9.60%,68.10%,50.00%,97.50%,33.30%,79.30%,0.00%,0.00%,0.00%,0.00%,100.00%,100.00%,9.70%,79.00%,43.60%,0%,,,,C
84,Orkla ASA,Food and beverage manufacturing,Food Products,Consumer Staples,Norway,"Oslo, Norway","$5,436,948,999","$2,022",39.70%,"$33,788",70.40%,$713,48.50%,70.30%,,,"$283,086",50.00%,63.00%,,,,,,,,,,,,,,,,,,,17.10%,66.70%,62.50%,,,23.10%,88.90%,2.90%,74.30%,17:1,87.20%,"$2,570",55.60%,"$10,321",31.50%,19.30%,8.90%,41.70%,0.76,40.50%,76.60%,,,0,,,19.00%,36.40%,45.50%,93.10%,30.00%,77.80%,0.00%,0.00%,0.00%,0.00%,100.00%,100.00%,,,6.40%,0%,,,,C
85,Telus Corp,Telecom providers,Diversified Telecommunication Services,Communication Services,Canada,"Vancouver, Canada","$14,588,841,434","$3,936",39.50%,"$64,565",72.90%,,,,,,,,,,,,,,,,,,,,,,,,,,,8.10%,63.30%,93.60%,26.60%,2.00%,26.20%,97.60%,22.60%,37.80%,338:1,7.70%,"$2,384",25.00%,"$59,965",58.80%,98.90%,64.70%,24.60%,0.4,30.80%,60.20%,,,0.000009,94.90%,1.00%,18.00%,30.40%,42.90%,88.00%,30.00%,77.80%,21.40%,83.00%,20.00%,85.80%,100.00%,100.00%,2.70%,52.50%,65.90%,0%,,,,C
86,Henkel AG & Co KgaA,Personal products (retail chemical),Household Products,Consumer Staples,Germany,"Düsseldorf, Germany","$34,536,409,953","$5,966",53.90%,"$58,936",41.80%,"$4,445",57.80%,70.60%,,,"$1,151,214",72.90%,69.40%,,,"$63,022,646",58.00%,0.761316872,1.00%,,,,,,,,,,,,,19.40%,63.60%,93.70%,82.60%,0.00%,20.80%,90.90%,1.20%,75.00%,132:1,30.00%,,,"$115,922",85.70%,94.80%,69.80%,13.90%,0.26,50.00%,47.40%,,,0,,,7.80%,100.00%,43.80%,90.80%,20.00%,59.90%,0.00%,0.00%,0.00%,0.00%,100.00%,100.00%,2.70%,52.20%,,0%,,,,C
87,Prologis Inc,Real estate and leasing,Equity Real Estate Investment Trusts (REITs),Real Estate,U.S.,"San Francisco, U.S.","$9,591,259,000","$111,098",98.30%,"$1,614,690",99.40%,"$1,464,583",99.50%,3.30%,,,,,,,,,,,,,,,,,,,,,,,,3.20%,58.50%,89.90%,,,2.20%,36.40%,3.90%,58.80%,170:1,20.00%,"$3,347",42.90%,,,,,32.10%,0.14,55.60%,31.00%,,,0,,,11.00%,88.20%,27.30%,52.60%,12.50%,41.00%,27.30%,89.00%,12.50%,77.70%,100.00%,100.00%,0.80%,41.40%,46.70%,0%,,,,C
88,UniCredit SpA,Banks,Banks,Financials,Italy,"Milan, Italy","$30,830,958,637","$50,431",64.00%,"$225,131",40.20%,,,,,,,,,,,,,,,,,,,,,,,,,,,9.70%,23.20%,96.80%,,,9.80%,85.00%,,,60:1,32.10%,$473,1.10%,"$152,578",87.60%,60.50%,15.40%,1.60%,,,,,,0,,,12.00%,54.40%,41.70%,86.70%,46.20%,94.40%,0.00%,0.00%,15.40%,80.90%,100.00%,100.00%,15.00%,90.10%,21.80%,0%,,,,C
89,Commerzbank AG,Banks,Banks,Financials,Germany,"Frankfurt am Main, Germany","$14,588,961,672","$27,153",32.30%,"$423,236",60.70%,,,,,,,,,,,,,,,,,,,,,,,,,,,15.80%,58.80%,82.00%,,,5.00%,73.30%,,,36:1,57.10%,"$3,789",45.30%,"$256,975",96.90%,109.10%,65.00%,49.40%,,,,,,0,,,10.80%,62.50%,45.00%,92.70%,28.60%,73.80%,0.00%,0.00%,0.00%,0.00%,100.00%,100.00%,3.90%,57.40%,,0%,,,,C
90,BNP Paribas SA,Banks,Banks,Financials,France,"Paris, France","$77,746,629,165","$25,222",27.30%,"$320,421",51.00%,,,,,,,,,,,,,,,,,,,,,,,,,,,12.80%,38.60%,99.20%,,,8.30%,81.70%,,,55:1,39.30%,"$6,180",72.60%,"$57,282",56.70%,69.20%,17.50%,54.50%,,,,,,0.000005,98.40%,1.00%,12.00%,54.40%,53.30%,97.60%,33.30%,79.30%,0.00%,0.00%,0.00%,0.00%,100.00%,100.00%,10.80%,83.40%,21.80%,0%,"$6,000,000",78.50%,1.00%,C
91,Assicurazioni Generali SpA,Insurance companies,Insurance,Financials,Italy,"Trieste, Italy","$131,689,000,000","$272,442",82.10%,"$1,273,258",47.50%,,,,,,,,,,,,,,,,,,,,,,,,,,,25.10%,91.20%,96.20%,,,2.80%,66.70%,,,72:1,44.40%,$695,14.60%,"$75,690",56.80%,28.50%,7.70%,11.00%,,,,,,0,,,14.00%,52.50%,46.20%,94.10%,13.30%,41.20%,0.00%,0.00%,0.00%,0.00%,100.00%,100.00%,24.10%,98.00%,,100%,,,,C
92,Teck Resources Ltd,Metal and coal mining,Metals & Mining,Materials,Canada,"Vancouver, Canada","$13,810,429,602",$481,65.50%,"$4,846",76.90%,$118,43.30%,92.50%,,,$18,12.20%,99.80%,,,"$194,513,093",58.50%,0.481481481,1.00%,"$8,420,994",59.60%,69.10%,1.00%,"$5,702,077",54.40%,83.00%,1.00%,"$23,741,090",95.00%,58.90%,0.00%,12.80%,36.10%,93.30%,49.30%,2.00%,18.60%,39.10%,27.80%,84.60%,79:1,16.70%,"$3,812",76.50%,"$114,606",75.00%,129.30%,97.00%,75.30%,0.22,40.00%,42.20%,,,0,,,9.50%,57.10%,28.60%,55.80%,15.00%,45.50%,35.70%,93.70%,5.00%,65.10%,100.00%,100.00%,8.90%,74.90%,7.80%,100%,"$192,024",92.60%,1.00%,C
93,Vitasoy International Holdings Ltd,Food and beverage manufacturing,Food Products,Consumer Staples,Hong Kong,"Tuen Mun, Hong Kong","$1,080,899,932","$1,007",18.00%,"$9,681",15.50%,$299,17.60%,61.70%,,,"$123,800",27.40%,51.60%,,,,,,,,,,,,,,,,,,,14.00%,44.20%,33.20%,,,46.40%,96.30%,3.50%,77.10%,70:1,19.10%,,,"$1,493",9.30%,93.40%,57.60%,0.00%,0.69,47.60%,74.30%,,,0,,,24.00%,24.20%,18.20%,32.10%,20.00%,59.90%,36.40%,94.80%,60.00%,98.60%,100.00%,100.00%,,,,0%,,,,C
94,Bank of China Ltd,Banks,Banks,Financials,China,"Beijing, China","$153,943,000,000","$15,907",8.20%,"$100,123",6.60%,"$11,373",3.00%,77.30%,0.875,0,"$143,737,869",70.80%,25.70%,,,,,,,,,,,,,,,,,,,13.10%,42.00%,99.90%,,,16.90%,93.30%,,,4:1,100.00%,"$5,213",67.40%,"$1,496",4.10%,,,50.50%,,,,,,0,,,,,15.40%,27.60%,25.00%,71.30%,15.40%,75.30%,0.00%,0.00%,0.00%,0.00%,,,17.50%,0%,,,,C
95,AstraZeneca PLC,Pharmaceutical and biotech manufacturing,Pharmaceuticals,Health Care,U.K.,"Cambridge, U.K.","$44,351,000,000","$13,754",91.30%,"$100,380",65.80%,"$11,827",89.10%,62.40%,,,"$2,755,747",82.70%,59.80%,,,"$349,220,472",72.30%,0.567901235,1.00%,,,,,,,,,,,,,15.10%,53.70%,96.70%,65.70%,1.00%,12.80%,66.70%,0.20%,57.90%,111:1,10.30%,"$6,539",68.40%,"$97,102",65.20%,86.70%,40.60%,52.80%,0.03,75.80%,8.80%,,,0,,,18.90%,31.40%,38.50%,82.30%,41.70%,91.40%,23.10%,85.20%,25.00%,90.30%,100.00%,100.00%,0.00%,0.00%,9.90%,0%,"$802,469",89.30%,1.00%,C-
96,IGM Financial Inc,Asset management,Capital Markets,Financials,Canada,"Winnipeg, Canada","$3,092,019,285","$35,507,801",100.00%,"$4,947,231",72.60%,,,,,,,,,,,,,,,,,,,,,,,,,,,17.00%,56.90%,72.60%,,,3.20%,91.70%,,,49:1,17.20%,"$3,930",28.60%,"$82,731",47.10%,120.50%,96.30%,32.30%,,,,,,0,,,16.00%,30.80%,33.30%,66.90%,35.30%,85.40%,0.00%,0.00%,5.90%,65.80%,100.00%,100.00%,0.00%,0.00%,4.50%,0%,,,,C-
97,Biomérieux SA,Medical equipment manufacturing,Health Care Equipment & Supplies,Health Care,France,"Marcy l'Étoile, France","$5,534,430,011","$7,693",65.00%,"$75,374",65.60%,"$8,675",65.30%,37.10%,,,"$1,291,677",68.10%,40.90%,,,,,,,,,,,,,,,,,,,17.70%,88.60%,75.50%,,,5.60%,91.70%,0.00%,57.10%,18:1,100.00%,$648,14.30%,"$6,783",30.00%,79.40%,69.20%,10.70%,0.94,7.70%,80.10%,,,0,,,13.80%,73.30%,44.40%,91.20%,22.20%,60.90%,0.00%,0.00%,0.00%,0.00%,0.00%,100.00%,10.00%,81.90%,,0%,,,,C-
98,Manulife Financial Corp,Insurance companies,Insurance,Financials,Canada,"Toronto, Canada","$49,626,944,534","$5,068",6.00%,"$206,669",8.30%,,,,,,,,,,,,,,,,,,,,,,,,,,,10.60%,47.20%,94.70%,,,5.60%,77.80%,,,155:1,11.10%,"$2,990",36.60%,"$88,460",63.60%,99.60%,63.50%,34.20%,,,,,,0,,,17.00%,27.10%,58.30%,99.20%,18.80%,53.30%,25.00%,87.70%,18.80%,83.80%,100.00%,100.00%,6.10%,67.30%,28.80%,0%,,,,C-
99,Sino Land Co Ltd,Real estate and leasing,Real Estate Management & Development,Real Estate,Hong Kong,"Tsim Sha Tsui, Hong Kong","$2,025,449,244","$1,925",37.40%,"$10,127",17.50%,"$1,139",45.50%,52.90%,,,,,,,,,,,,,,,,,,,,,,,,19.50%,99.10%,73.40%,,,50.00%,72.70%,12.00%,82.40%,50:1,40.00%,"$1,397",9.50%,"$1,484",10.00%,,,7.10%,2.01,3.70%,91.20%,,,0,,,41.30%,3.90%,8.30%,10.80%,0.00%,0.00%,16.70%,77.90%,0.00%,0.00%,100.00%,100.00%,,,16.40%,0%,,,,C-
100,Sysmex Corp,Instrumentation and other electronic manufacturing,Health Care Equipment & Supplies,Health Care,Japan,"Kobe, Japan","$4,311,348,734","$6,559",32.60%,"$154,501",67.90%,,,,,,"$5,335,828",84.30%,22.90%,,,,,,,,,,,,,,,,,,,19.90%,88.60%,70.30%,,,36.80%,92.90%,0.00%,0.00%,22:1,100.00%,"$6,140",100.00%,"$14,036",37.50%,114.80%,98.30%,84.00%,0.81,17.60%,77.70%,,,0,,,8.40%,91.70%,8.30%,10.80%,8.30%,31.20%,0.00%,0.00%,25.00%,90.30%,100.00%,0.00%,0.00%,0.00%,,0%,,,,C-